<?xml version="1.0" encoding="UTF-8"?>
<!DOCTYPE mapper
  PUBLIC "-//mybatis.org//DTD Mapper 3.0//EN"
  "http://mybatis.org/dtd/mybatis-3-mapper.dtd">
<mapper namespace="CartMapper">
	<insert id="cartAdd" parameterType="CartDTO">
		insert into cart (num, userid, gCode, gPrice, gSize, gColor, gAmount, gName,
		gImage)
		values (cart_seq.nextval,
		#{userid},#{gCode},#{gPrice},#{gSize},#{gColor},#{gAmount},#{gName},#{gImage})
	</insert>
	<select id="cartList" parameterType="String"
		resultType="CartDTO">
		select * from cart
		where userid = #{userid}
	</select>
	<delete id = "cartDel" parameterType = "int">
	delete
	from cart
	where num = #{num}
	</delete>
	<update id="cartUpdate" parameterType = "HashMap">
	update cart
	set gAmount = #{gAmount}
	where num = #{num}
	</update>
	<delete id = "cartAllDel" parameterType = "List">
	delete
	from cart
	where num in 
	<foreach open = "(" item = "item" collection="list" separator = "," close = ")">
	#{item}</foreach>
	</delete>
	<select id="cartbyNum" parameterType = "String" resultType = "CartDTO">
	select *
	from cart
	where num = #{num}
	</select>
	<insert id="orderDone" parameterType="OrderDTO" >
   insert into orderInfo (num,userid,gcode, gName,gPrice,gSize,gColor,gAmount,
                          gImage,orderName,post,addr1,addr2,phone,payMethod)
                          
   values(orderInfo_seq.nextval, #{userid},#{gCode},#{gName},#{gPrice},
   #{gSize},#{gColor},#{gAmount},
   #{gImage},#{orderName},#{post},#{addr1},#{addr2},#{phone},#{payMethod} )<!-- 나중에 보자 -->
 </insert>

</mapper>